time,msd
50,0.00297375
100,0.0145924
150,0.0302659
200,0.0498499
250,0.0703183
300,0.090883
350,0.111873
400,0.134421
450,0.156185
500,0.176024
550,0.198222
600,0.217675
650,0.231602
700,0.245389
750,0.259902
800,0.27378
850,0.288658
900,0.303266
950,0.31934
1000,0.335965
1050,0.351531
1100,0.368748
1150,0.382856
1200,0.397174
1250,0.415303
1300,0.431451
1350,0.443757
1400,0.455174
1450,0.466519
1500,0.472934
1550,0.477028
1600,0.484131
1650,0.491695
1700,0.498273
1750,0.505534
1800,0.514674
1850,0.52474
1900,0.535271
1950,0.547744
2000,0.562371
2050,0.575849
2100,0.589262
2150,0.604657
2200,0.615515
2250,0.622624
2300,0.630614
2350,0.639445
2400,0.650058
2450,0.660998
2500,0.673194
2550,0.684988
2600,0.694655
2650,0.707146
2700,0.719965
2750,0.726737
2800,0.734766
2850,0.742156
2900,0.742836
2950,0.745419
3000,0.751839
3050,0.75912
3100,0.768844
3150,0.780862
3200,0.791682
3250,0.805012
3300,0.823434
3350,0.843364
3400,0.86412
3450,0.879516
3500,0.885042
3550,0.887372
3600,0.889092
3650,0.890115
3700,0.89149
3750,0.894298
3800,0.898539
3850,0.901352
3900,0.901464
3950,0.901588
4000,0.905051
4050,0.91756
4100,0.931973
4150,0.945846
4200,0.963307
4250,0.979404
4300,0.992002
4350,0.997406
4400,0.997771
4450,0.999574
4500,1.00075
4550,1.00325
4600,1.00943
4650,1.01988
4700,1.03519
4750,1.05093
4800,1.06391
4850,1.07422
4900,1.08163
4950,1.08602
5000,1.0908
5050,1.09911
5100,1.10647
5150,1.1121
5200,1.11718
5250,1.12008
5300,1.12372
5350,1.13
5400,1.13751
5450,1.1463
5500,1.15135
5550,1.15318
5600,1.1562
5650,1.15962
5700,1.16746
5750,1.17953
5800,1.19109
5850,1.20545
5900,1.2198
5950,1.23121
6000,1.2374
6050,1.23982
6100,1.24272
6150,1.24666
6200,1.24717
6250,1.24467
6300,1.24845
6350,1.25371
6400,1.25517
6450,1.25527
6500,1.25678
6550,1.2635
6600,1.27587
6650,1.29181
6700,1.31269
6750,1.33
6800,1.33755
6850,1.33955
6900,1.3372
6950,1.33195
7000,1.32466
7050,1.32117
7100,1.3269
7150,1.33554
7200,1.34488
7250,1.35381
7300,1.35486
7350,1.35332
7400,1.35608
7450,1.3608
7500,1.3686
7550,1.37847
7600,1.3871
7650,1.39409
7700,1.40145
7750,1.40915
7800,1.41543
7850,1.41418
7900,1.40436
7950,1.38909
8000,1.37594
8050,1.36955
8100,1.37435
8150,1.38963
8200,1.41094
8250,1.43418
8300,1.45498
8350,1.46651
8400,1.46673
8450,1.46497
8500,1.46316
8550,1.46286
8600,1.46335
8650,1.46575
8700,1.47542
8750,1.4843
8800,1.4868
8850,1.4896
8900,1.49516
8950,1.49647
9000,1.49673
9050,1.4988
9100,1.50185
9150,1.51009
9200,1.52757
9250,1.5482
9300,1.56088
9350,1.56301
9400,1.55819
9450,1.55294
9500,1.54707
9550,1.54317
9600,1.54867
9650,1.55871
9700,1.5663
9750,1.57086
9800,1.57142
9850,1.5669
9900,1.5626
9950,1.56333
10000,1.56688
10050,1.57491
10100,1.58717
10150,1.60349
10200,1.62071
10250,1.63591
10300,1.64748
10350,1.6517
10400,1.65157
10450,1.645
10500,1.63387
10550,1.63132
10600,1.63454
10650,1.63412
10700,1.63624
10750,1.64441
10800,1.65994
10850,1.68255
10900,1.70467
10950,1.71627
11000,1.71319
11050,1.6954
11100,1.66953
11150,1.6474
11200,1.63184
11250,1.62123
11300,1.62066
11350,1.63034
11400,1.64501
11450,1.65905
11500,1.67513
11550,1.68544
11600,1.67958
11650,1.67363
11700,1.66681
11750,1.6639
11800,1.66813
11850,1.66997
11900,1.67546
11950,1.68106
12000,1.68142
12050,1.67815
12100,1.67518
12150,1.67835
12200,1.68573
12250,1.69612
12300,1.70566
12350,1.71266
12400,1.7215
12450,1.73087
12500,1.74005
12550,1.74687
12600,1.74628
12650,1.74394
12700,1.74327
12750,1.73749
12800,1.73551
12850,1.73961
12900,1.7419
12950,1.74778
13000,1.75631
13050,1.77214
13100,1.79365
13150,1.81222
13200,1.82862
13250,1.82604
13300,1.80566
13350,1.78377
13400,1.77003
13450,1.76363
13500,1.75919
13550,1.76436
13600,1.77867
13650,1.7927
13700,1.80459
13750,1.81209
13800,1.81186
13850,1.80941
13900,1.80375
13950,1.79748
14000,1.79871
14050,1.80392
14100,1.81103
14150,1.81657
14200,1.8154
14250,1.80787
14300,1.8024
14350,1.79958
14400,1.79772
14450,1.80029
14500,1.81127
14550,1.83077
14600,1.84663
14650,1.85606
14700,1.86136
14750,1.86201
14800,1.85893
14850,1.84377
14900,1.83127
14950,1.83098
15000,1.83648
15050,1.84814
15100,1.86114
15150,1.87001
15200,1.87274
15250,1.87199
15300,1.87371
15350,1.87664
15400,1.88458
15450,1.89457
15500,1.89537
15550,1.89632
15600,1.89973
15650,1.89582
15700,1.88697
15750,1.88244
15800,1.88259
15850,1.88025
15900,1.88025
15950,1.88832
16000,1.89726
16050,1.90121
16100,1.89772
16150,1.89251
16200,1.89088
16250,1.89013
16300,1.89334
16350,1.89786
16400,1.90348
16450,1.912
16500,1.91851
16550,1.9205
16600,1.92265
16650,1.92301
16700,1.92439
16750,1.93149
16800,1.94827
16850,1.96606
16900,1.97388
16950,1.97427
17000,1.96664
17050,1.95534
17100,1.94061
17150,1.9311
17200,1.92788
17250,1.93127
17300,1.94597
17350,1.96094
17400,1.96876
17450,1.97158
17500,1.97327
17550,1.97731
17600,1.97892
17650,1.97886
17700,1.98808
17750,2.00625
17800,2.02268
17850,2.03344
17900,2.0397
17950,2.03804
18000,2.03116
18050,2.0223
18100,2.01842
18150,2.02233
18200,2.03316
18250,2.0514
18300,2.07559
18350,2.09756
18400,2.10135
18450,2.09589
18500,2.08575
18550,2.07782
18600,2.07179
18650,2.06049
18700,2.05416
18750,2.05491
18800,2.05907
18850,2.06833
18900,2.08656
18950,2.10302
19000,2.10874
19050,2.10837
19100,2.11229
19150,2.12315
19200,2.13844
19250,2.15603
19300,2.1669
19350,2.16954
19400,2.16014
19450,2.14643
19500,2.14285
19550,2.14108
19600,2.13609
19650,2.1365
19700,2.14291
19750,2.14697
19800,2.14858
19850,2.15065
19900,2.15084
19950,2.15195
20000,2.15488
20050,2.15818
20100,2.15348
20150,2.14753
20200,2.14948
20250,2.15211
20300,2.15362
20350,2.16354
20400,2.17739
20450,2.1876
20500,2.20175
20550,2.21567
20600,2.22673
20650,2.23191
20700,2.22344
20750,2.21949
20800,2.21447
20850,2.20287
20900,2.20265
20950,2.21204
21000,2.2227
21050,2.23841
21100,2.24987
21150,2.25267
21200,2.25767
21250,2.25335
21300,2.23716
21350,2.22692
21400,2.22952
21450,2.24596
21500,2.2694
21550,2.29578
21600,2.32209
21650,2.33257
21700,2.32685
21750,2.31302
21800,2.29538
21850,2.27458
21900,2.25636
21950,2.24814
22000,2.25614
22050,2.27842
22100,2.30119
22150,2.32318
22200,2.33807
22250,2.33657
22300,2.33261
22350,2.32736
22400,2.32465
22450,2.32441
22500,2.31831
22550,2.3145
22600,2.31842
22650,2.32853
22700,2.33565
22750,2.33409
22800,2.32918
22850,2.32873
22900,2.33903
22950,2.35296
23000,2.3756
23050,2.39808
23100,2.41023
23150,2.41508
23200,2.41327
23250,2.41014
23300,2.41113
23350,2.4149
23400,2.40985
23450,2.40642
23500,2.41064
23550,2.41713
23600,2.43218
23650,2.44181
23700,2.4449
23750,2.44634
23800,2.44038
23850,2.43559
23900,2.42442
23950,2.41291
24000,2.41192
24050,2.41561
24100,2.4278
24150,2.44708
24200,2.46035
24250,2.46429
24300,2.46572
24350,2.46749
24400,2.46326
24450,2.4508
24500,2.43781
24550,2.42863
24600,2.42997
24650,2.43632
24700,2.44606
24750,2.46292
24800,2.48143
24850,2.49596
24900,2.51293
24950,2.52567
25000,2.52517
25050,2.52493
25100,2.51985
25150,2.51618
25200,2.52812
25250,2.53958
25300,2.5511
25350,2.56518
25400,2.56825
25450,2.55435
25500,2.53414
25550,2.52283
25600,2.51436
25650,2.50991
25700,2.50973
25750,2.50797
25800,2.51343
25850,2.53001
25900,2.55051
25950,2.56766
26000,2.58178
26050,2.59049
26100,2.58579
26150,2.58052
26200,2.57639
26250,2.57456
26300,2.58155
26350,2.58901
26400,2.58704
26450,2.58838
26500,2.58873
26550,2.58837
26600,2.58936
26650,2.58384
26700,2.57326
26750,2.57017
26800,2.58042
26850,2.59225
26900,2.60304
26950,2.61544
27000,2.62829
27050,2.63415
27100,2.63002
27150,2.63224
27200,2.63897
27250,2.64376
27300,2.64823
27350,2.65582
27400,2.66053
27450,2.65939
27500,2.66735
27550,2.68009
27600,2.68909
27650,2.69392
27700,2.68229
27750,2.66607
27800,2.6545
27850,2.64411
27900,2.64364
27950,2.64916
28000,2.66311
28050,2.69016
28100,2.71838
28150,2.74464
28200,2.76316
28250,2.77284
28300,2.7649
28350,2.75237
28400,2.75318
28450,2.75499
28500,2.75633
28550,2.75455
28600,2.75055
28650,2.75069
28700,2.75862
28750,2.76839
28800,2.76714
28850,2.76199
28900,2.76143
28950,2.76946
29000,2.78869
29050,2.81562
29100,2.84168
29150,2.86094
29200,2.87138
29250,2.87499
29300,2.87164
29350,2.85118
29400,2.82243
29450,2.79767
29500,2.78228
29550,2.7783
29600,2.7844
29650,2.79694
29700,2.80972
29750,2.81905
29800,2.82443
29850,2.83005
29900,2.8244
29950,2.81195
30000,2.80925
30050,2.81027
30100,2.81291
30150,2.82141
30200,2.82747
30250,2.82014
30300,2.80464
30350,2.80244
30400,2.81012
30450,2.81655
30500,2.82163
30550,2.81802
30600,2.80844
30650,2.79926
30700,2.79275
30750,2.78895
30800,2.79107
30850,2.80071
30900,2.812
30950,2.82267
31000,2.83421
31050,2.83951
31100,2.84501
31150,2.84873
31200,2.84752
31250,2.84832
31300,2.84674
31350,2.8522
31400,2.85641
31450,2.85191
31500,2.85237
31550,2.85172
31600,2.85527
31650,2.86715
31700,2.87554
31750,2.88178
31800,2.89183
31850,2.90279
31900,2.91066
31950,2.91142
32000,2.91566
32050,2.92789
32100,2.94013
32150,2.95298
32200,2.96159
32250,2.96734
32300,2.98147
32350,2.99277
32400,3.00075
32450,3.01304
32500,3.02568
32550,3.03761
32600,3.04141
32650,3.04182
32700,3.04547
32750,3.04147
32800,3.03739
32850,3.03659
32900,3.03087
32950,3.02782
33000,3.03406
33050,3.04634
33100,3.05979
33150,3.06006
33200,3.05368
33250,3.05527
33300,3.05988
33350,3.05826
33400,3.05883
33450,3.05629
33500,3.05089
33550,3.05348
33600,3.05173
33650,3.04769
33700,3.05062
33750,3.06357
33800,3.08107
33850,3.09161
33900,3.09861
33950,3.09919
34000,3.10018
34050,3.1051
34100,3.10609
34150,3.10393
34200,3.09954
34250,3.09909
34300,3.09552
34350,3.09456
34400,3.08733
34450,3.07202
34500,3.06991
34550,3.07682
34600,3.09357
34650,3.11865
34700,3.14524
34750,3.16888
34800,3.18069
34850,3.1883
34900,3.19016
34950,3.18031
35000,3.16564
35050,3.15463
35100,3.14981
35150,3.15662
35200,3.17262
35250,3.19037
35300,3.20375
35350,3.20746
35400,3.207
35450,3.19802
35500,3.18268
35550,3.17549
35600,3.17277
35650,3.17208
35700,3.18082
35750,3.19163
35800,3.19658
35850,3.19459
35900,3.17564
35950,3.15484
36000,3.15204
36050,3.16475
36100,3.18919
36150,3.21196
36200,3.22614
36250,3.2146
36300,3.18564
36350,3.16202
36400,3.14404
36450,3.13703
36500,3.14386
36550,3.15431
36600,3.1717
36650,3.18719
36700,3.19121
36750,3.19583
36800,3.19804
36850,3.1885
36900,3.17592
36950,3.17141
37000,3.18139
37050,3.20247
37100,3.22094
37150,3.23395
37200,3.24426
37250,3.25246
37300,3.25177
37350,3.23665
37400,3.21505
37450,3.19636
37500,3.1927
37550,3.20311
37600,3.21708
37650,3.22937
37700,3.23805
37750,3.23677
37800,3.2208
37850,3.20305
37900,3.19044
37950,3.19246
38000,3.20853
38050,3.22821
38100,3.25009
38150,3.26546
38200,3.2744
38250,3.27341
38300,3.27339
38350,3.26942
38400,3.25574
38450,3.25272
38500,3.25511
38550,3.25599
38600,3.25107
38650,3.24645
38700,3.25004
38750,3.24352
38800,3.2348
38850,3.2339
38900,3.23383
38950,3.23957
39000,3.24255
39050,3.25289
39100,3.27871
39150,3.30078
39200,3.31516
39250,3.32372
39300,3.32587
39350,3.32588
39400,3.33221
39450,3.33547
39500,3.32924
39550,3.3345
39600,3.34342
39650,3.34303
39700,3.33178
39750,3.31624
39800,3.31006
39850,3.31629
39900,3.32543
39950,3.33765
40000,3.34977
40050,3.36165
40100,3.36856
40150,3.36926
40200,3.37241
40250,3.37964
40300,3.38489
40350,3.38983
40400,3.39569
40450,3.39586
40500,3.39397
40550,3.38873
40600,3.38343
40650,3.37295
40700,3.35902
40750,3.35908
40800,3.36018
40850,3.36251
40900,3.36177
40950,3.34965
41000,3.33951
41050,3.33935
41100,3.34384
41150,3.35013
41200,3.35462
41250,3.35577
41300,3.35108
41350,3.34946
41400,3.35486
41450,3.35998
41500,3.36003
41550,3.36505
41600,3.37373
41650,3.38023
41700,3.38364
41750,3.38407
41800,3.38557
41850,3.38324
41900,3.37092
41950,3.36206
42000,3.35989
42050,3.36079
42100,3.3619
42150,3.36032
42200,3.35926
42250,3.36025
42300,3.36401
42350,3.35589
42400,3.34157
42450,3.34024
42500,3.34572
42550,3.35819
42600,3.38328
42650,3.40581
42700,3.41293
42750,3.4054
42800,3.39022
42850,3.36319
42900,3.34316
42950,3.33885
43000,3.33429
43050,3.32668
43100,3.32264
43150,3.31188
43200,3.29457
43250,3.28213
43300,3.27658
43350,3.2798
43400,3.29246
43450,3.31033
43500,3.32398
43550,3.32836
43600,3.32466
43650,3.31493
43700,3.30002
43750,3.28724
43800,3.28354
43850,3.28488
43900,3.29999
43950,3.32383
44000,3.35015
44050,3.37471
44100,3.38843
44150,3.40081
44200,3.40948
44250,3.40912
44300,3.40028
44350,3.38806
44400,3.38373
44450,3.39293
44500,3.40278
44550,3.39981
44600,3.39549
44650,3.38775
44700,3.37286
44750,3.36261
44800,3.3605
44850,3.37359
44900,3.40333
44950,3.43832
45000,3.47251
45050,3.49139
45100,3.4972
45150,3.50161
45200,3.50728
45250,3.50889
45300,3.50063
45350,3.48044
45400,3.46022
45450,3.45877
45500,3.46683
45550,3.469
45600,3.47853
45650,3.48643
45700,3.48229
45750,3.48484
45800,3.48524
45850,3.49493
45900,3.52132
45950,3.53517
46000,3.53943
46050,3.53692
46100,3.52823
46150,3.51936
46200,3.50899
46250,3.49744
46300,3.48384
46350,3.47856
46400,3.4806
46450,3.48697
46500,3.50249
46550,3.52443
46600,3.54357
46650,3.55696
46700,3.56714
46750,3.57417
46800,3.57304
46850,3.55627
46900,3.5416
46950,3.53191
47000,3.52802
47050,3.53219
47100,3.5368
47150,3.54229
47200,3.55074
47250,3.56226
47300,3.57065
47350,3.57482
47400,3.57052
47450,3.56163
47500,3.55818
47550,3.54136
47600,3.53701
47650,3.55127
47700,3.56471
47750,3.57767
47800,3.58973
47850,3.6053
47900,3.60711
47950,3.60177
48000,3.59587
48050,3.57866
48100,3.57322
48150,3.57478
48200,3.57644
48250,3.59452
48300,3.61917
48350,3.6344
48400,3.63384
48450,3.62261
48500,3.60687
48550,3.595
48600,3.58592
48650,3.58695
48700,3.60509
48750,3.6194
48800,3.63297
48850,3.64311
48900,3.6327
48950,3.6142
49000,3.60209
49050,3.59374
49100,3.59383
49150,3.59591
49200,3.59296
49250,3.58424
49300,3.57526
49350,3.57893
49400,3.58299
49450,3.59129
49500,3.6052
49550,3.61549
49600,3.63258
49650,3.63873
49700,3.63033
49750,3.62133
49800,3.61042
49850,3.60238
49900,3.59598
49950,3.59711
50000,3.60774
50050,3.60784
50100,3.60473
50150,3.6015
50200,3.6002
50250,3.61159
50300,3.63002
50350,3.64975
50400,3.66975
50450,3.69539
50500,3.72213
50550,3.74023
50600,3.74272
50650,3.73093
50700,3.7099
50750,3.69276
50800,3.69209
50850,3.70021
50900,3.70288
50950,3.70345
51000,3.70104
51050,3.6978
51100,3.69062
51150,3.67791
51200,3.67415
51250,3.67363
51300,3.67504
51350,3.67745
51400,3.67828
51450,3.68011
51500,3.68795
51550,3.7096
51600,3.72612
51650,3.74176
51700,3.75132
51750,3.74444
51800,3.73898
51850,3.73036
51900,3.7048
51950,3.67968
52000,3.67581
52050,3.6752
52100,3.67932
52150,3.70458
52200,3.71992
52250,3.71724
52300,3.70618
52350,3.69495
52400,3.6874
52450,3.67576
52500,3.67358
52550,3.68147
52600,3.69148
52650,3.69312
52700,3.69897
52750,3.70842
52800,3.70787
52850,3.70913
52900,3.70813
52950,3.69861
53000,3.68962
53050,3.68627
53100,3.69277
53150,3.69605
53200,3.7019
53250,3.71203
53300,3.71851
53350,3.73123
53400,3.74486
53450,3.76042
53500,3.7731
53550,3.77592
53600,3.78889
53650,3.79937
53700,3.80324
53750,3.81114
53800,3.80675
53850,3.80088
53900,3.79634
53950,3.78768
54000,3.78864
54050,3.80057
54100,3.80448
54150,3.79729
54200,3.79218
54250,3.78307
54300,3.77627
54350,3.77946
54400,3.78761
54450,3.79606
54500,3.81181
54550,3.82497
54600,3.83381
54650,3.8409
54700,3.84574
54750,3.8543
54800,3.84831
54850,3.82602
54900,3.81047
54950,3.79845
55000,3.79394
55050,3.79804
55100,3.79516
55150,3.80008
55200,3.80832
55250,3.81561
55300,3.83305
55350,3.84921
55400,3.8579
55450,3.8747
55500,3.88117
55550,3.87102
55600,3.86762
55650,3.85971
55700,3.85122
55750,3.84278
55800,3.83789
55850,3.84036
55900,3.845
55950,3.85241
56000,3.85746
56050,3.86705
56100,3.87362
56150,3.86569
56200,3.84994
56250,3.84003
56300,3.84423
56350,3.86026
56400,3.8778
56450,3.89076
56500,3.90076
56550,3.89201
56600,3.88032
56650,3.88166
56700,3.8878
56750,3.90492
56800,3.92128
56850,3.93092
56900,3.94094
56950,3.93497
57000,3.91544
57050,3.88794
57100,3.86034
57150,3.84691
57200,3.83739
57250,3.83555
57300,3.8511
57350,3.87251
57400,3.89597
57450,3.91971
57500,3.93577
57550,3.94692
57600,3.95102
57650,3.9396
57700,3.91991
57750,3.89571
57800,3.87523
57850,3.86718
57900,3.8679
57950,3.87626
58000,3.88462
58050,3.89352
58100,3.89722
58150,3.89848
58200,3.90177
58250,3.88812
58300,3.88233
58350,3.90407
58400,3.91887
58450,3.91857
58500,3.91247
58550,3.90179
58600,3.88584
58650,3.86454
58700,3.8418
58750,3.82304
58800,3.82659
58850,3.84925
58900,3.87244
58950,3.8987
59000,3.92467
59050,3.94062
59100,3.94247
59150,3.92968
59200,3.90397
59250,3.87057
59300,3.84507
59350,3.84115
59400,3.84645
59450,3.85865
59500,3.88351
59550,3.90416
59600,3.90585
59650,3.90662
59700,3.91511
59750,3.91503
59800,3.91987
59850,3.93424
59900,3.93753
59950,3.9337
60000,3.94203
60050,3.95947
60100,3.97182
60150,3.97308
60200,3.96384
60250,3.95387
60300,3.94703
60350,3.94819
60400,3.95224
60450,3.95862
60500,3.96989
60550,3.98657
60600,4.00754
60650,4.02533
60700,4.03548
60750,4.02457
60800,3.99309
60850,3.96591
60900,3.95948
60950,3.9641
61000,3.97236
61050,3.98573
61100,3.99716
61150,3.99718
61200,3.98151
61250,3.97495
61300,3.98324
61350,3.98291
61400,3.97626
61450,3.97823
61500,3.99129
61550,4.00512
61600,4.01271
61650,4.02162
61700,4.02828
61750,4.02461
61800,4.02407
61850,4.0233
61900,4.02202
61950,4.02245
62000,4.02795
62050,4.03792
62100,4.04264
62150,4.0419
62200,4.03086
62250,4.02639
62300,4.02671
62350,4.02161
62400,4.02194
62450,4.02663
62500,4.02712
62550,4.03357
62600,4.04169
62650,4.03364
62700,4.02884
62750,4.02744
62800,4.02095
62850,4.02602
62900,4.03156
62950,4.03619
63000,4.04349
63050,4.05279
63100,4.07139
63150,4.07724
63200,4.07838
63250,4.07493
63300,4.0591
63350,4.04544
63400,4.03201
63450,4.01766
63500,4.00414
63550,3.99164
63600,3.99076
63650,4.01433
63700,4.04757
63750,4.07728
63800,4.10617
63850,4.11641
63900,4.09653
63950,4.06129
64000,4.02721
64050,4.01224
64100,4.01337
64150,4.02684
64200,4.05542
64250,4.08345
64300,4.09335
64350,4.08071
64400,4.05715
64450,4.03114
64500,4.02624
64550,4.03782
64600,4.05606
64650,4.08369
64700,4.10006
64750,4.09715
64800,4.08021
64850,4.05499
64900,4.04401
64950,4.04925
65000,4.05935
65050,4.08316
65100,4.10159
65150,4.09904
65200,4.09393
65250,4.08087
65300,4.06601
65350,4.04952
65400,4.03155
65450,4.03949
65500,4.04903
65550,4.05739
65600,4.07805
65650,4.08895
65700,4.10686
65750,4.12132
65800,4.1234
65850,4.1162
65900,4.09868
65950,4.09171
66000,4.08905
66050,4.09335
66100,4.10254
66150,4.10238
66200,4.09969
66250,4.09259
66300,4.08889
66350,4.09066
66400,4.08911
66450,4.09781
66500,4.1073
66550,4.10995
66600,4.11999
66650,4.13346
66700,4.1381
66750,4.14312
66800,4.13829
66850,4.12486
66900,4.11823
66950,4.10424
67000,4.09555
67050,4.09394
67100,4.10667
67150,4.14123
67200,4.16782
67250,4.18005
67300,4.17322
67350,4.15688
67400,4.14022
67450,4.11429
67500,4.08753
67550,4.07665
67600,4.07534
67650,4.08176
67700,4.10099
67750,4.11592
67800,4.1297
67850,4.13934
67900,4.1286
67950,4.11875
68000,4.11569
68050,4.11957
68100,4.12646
68150,4.13095
68200,4.13065
68250,4.13153
68300,4.13227
68350,4.11473
68400,4.094
68450,4.08543
68500,4.08684
68550,4.09791
68600,4.11515
68650,4.13642
68700,4.14788
68750,4.14946
68800,4.15103
68850,4.15383
68900,4.16222
68950,4.17392
69000,4.17896
69050,4.17752
69100,4.17565
69150,4.15887
69200,4.13299
69250,4.12056
69300,4.11755
69350,4.12423
69400,4.141
69450,4.16275
69500,4.17947
69550,4.19135
69600,4.19655
69650,4.18996
69700,4.17613
69750,4.16014
69800,4.14354
69850,4.14211
69900,4.15555
69950,4.168
70000,4.17788
70050,4.17774
70100,4.16874
70150,4.16389
70200,4.14992
70250,4.12684
70300,4.12098
70350,4.12214
70400,4.13427
70450,4.16916
70500,4.21165
70550,4.23651
70600,4.23433
70650,4.21626
70700,4.19076
70750,4.16377
70800,4.13961
70850,4.13213
70900,4.14401
70950,4.15862
71000,4.17034
71050,4.17615
71100,4.17744
71150,4.18634
71200,4.19729
71250,4.20054
71300,4.20555
71350,4.20734
71400,4.20971
71450,4.23084
71500,4.24986
71550,4.2544
71600,4.25573
71650,4.25479
71700,4.25059
71750,4.25384
71800,4.25668
71850,4.25324
71900,4.25918
71950,4.26061
72000,4.26009
72050,4.26765
72100,4.27081
72150,4.2665
72200,4.26659
72250,4.26107
72300,4.25285
72350,4.25753
72400,4.25491
72450,4.25128
72500,4.24641
72550,4.24399
72600,4.26447
72650,4.28553
72700,4.29618
72750,4.29461
72800,4.28014
72850,4.27459
72900,4.27775
72950,4.27283
73000,4.2668
73050,4.26587
73100,4.26454
73150,4.27208
73200,4.28839
73250,4.30258
73300,4.31802
73350,4.32173
73400,4.31522
73450,4.30843
73500,4.30097
73550,4.28795
73600,4.26336
73650,4.23697
73700,4.2326
73750,4.24664
73800,4.26711
73850,4.28664
73900,4.29764
73950,4.31333
74000,4.30877
74050,4.28088
74100,4.26125
74150,4.25354
74200,4.25649
74250,4.27036
74300,4.28957
74350,4.29932
74400,4.3008
74450,4.29664
74500,4.28751
74550,4.28119
74600,4.26645
74650,4.25116
74700,4.25226
74750,4.26074
74800,4.28233
74850,4.3111
74900,4.32941
74950,4.33404
75000,4.31788
75050,4.28526
75100,4.25427
75150,4.23976
75200,4.24067
75250,4.25415
75300,4.27926
75350,4.30435
75400,4.31695
75450,4.32183
75500,4.31122
75550,4.28776
75600,4.26037
75650,4.23957
75700,4.24411
75750,4.26593
75800,4.29361
75850,4.32234
75900,4.34578
75950,4.3541
76000,4.34485
76050,4.31963
76100,4.30061
76150,4.3018
76200,4.31146
76250,4.32844
76300,4.34337
76350,4.35236
76400,4.3534
76450,4.35156
76500,4.34574
76550,4.33084
76600,4.33399
76650,4.35109
76700,4.36524
76750,4.36481
76800,4.34152
76850,4.32938
76900,4.32504
76950,4.33679
77000,4.36079
77050,4.37247
77100,4.38642
77150,4.3912
77200,4.37639
77250,4.36471
77300,4.3565
77350,4.34321
77400,4.33513
77450,4.33646
77500,4.34466
77550,4.35604
77600,4.36269
77650,4.35722
77700,4.34493
77750,4.34224
77800,4.3423
77850,4.33769
77900,4.34357
77950,4.35714
78000,4.36345
78050,4.36147
78100,4.35261
78150,4.33807
78200,4.31954
78250,4.31567
78300,4.33323
78350,4.35988
78400,4.38242
78450,4.39607
78500,4.40078
78550,4.39183
78600,4.38263
78650,4.37641
78700,4.36848
78750,4.35749
78800,4.34573
78850,4.34298
78900,4.34991
78950,4.35985
79000,4.37267
79050,4.37622
79100,4.37071
79150,4.36508
79200,4.35737
79250,4.35627
79300,4.35774
79350,4.35163
79400,4.34826
79450,4.35255
79500,4.36815
79550,4.38539
79600,4.38419
79650,4.36842
79700,4.35062
79750,4.33385
79800,4.33045
79850,4.34459
79900,4.36638
79950,4.38656
80000,4.39603
80050,4.39108
80100,4.38282
80150,4.37386
80200,4.37061
80250,4.37111
80300,4.36883
80350,4.37922
80400,4.39005
80450,4.40361
80500,4.41485
80550,4.41547
80600,4.40727
80650,4.39132
80700,4.37961
80750,4.37124
80800,4.38529
80850,4.40609
80900,4.40356
80950,4.38908
81000,4.36774
81050,4.34119
81100,4.33318
81150,4.34772
81200,4.36881
81250,4.39281
81300,4.4013
81350,4.39767
81400,4.382
81450,4.36247
81500,4.36826
81550,4.38453
81600,4.40791
81650,4.43054
81700,4.42706
81750,4.4035
81800,4.36765
81850,4.33468
81900,4.32465
81950,4.34054
82000,4.36605
82050,4.39657
82100,4.42736
82150,4.43266
82200,4.42532
82250,4.40649
82300,4.38452
82350,4.38569
82400,4.39111
82450,4.40456
82500,4.42188
82550,4.43623
82600,4.43712
82650,4.4217
82700,4.41013
82750,4.39456
82800,4.38656
82850,4.38616
82900,4.39062
82950,4.40697
83000,4.42857
83050,4.43961
83100,4.44366
83150,4.43056
83200,4.39958
83250,4.37916
83300,4.37199
83350,4.37515
83400,4.39402
83450,4.41767
83500,4.43434
83550,4.44382
83600,4.43854
83650,4.42525
83700,4.41208
83750,4.40637
83800,4.41427
83850,4.42479
83900,4.44233
83950,4.46808
84000,4.47537
84050,4.46092
84100,4.43493
84150,4.40932
84200,4.39923
84250,4.40787
84300,4.42991
84350,4.44629
84400,4.45761
84450,4.45797
84500,4.43786
84550,4.4184
84600,4.4064
84650,4.40665
84700,4.42279
84750,4.4496
84800,4.47992
84850,4.50649
84900,4.51159
84950,4.49206
85000,4.46537
85050,4.44174
85100,4.43017
85150,4.43786
85200,4.45917
85250,4.47513
85300,4.4808
85350,4.48117
85400,4.47356
85450,4.45502
85500,4.44173
85550,4.44133
85600,4.4386
85650,4.44652
85700,4.46005
85750,4.46176
85800,4.46958
85850,4.48294
85900,4.49462
85950,4.48885
86000,4.47819
86050,4.47853
86100,4.47991
86150,4.4854
86200,4.48515
86250,4.47956
86300,4.47585
86350,4.47568
86400,4.46726
86450,4.45686
86500,4.46103
86550,4.46718
86600,4.46185
86650,4.45872
86700,4.47259
86750,4.49324
86800,4.51017
86850,4.51792
86900,4.51322
86950,4.49717
87000,4.48343
87050,4.47796
87100,4.46403
87150,4.45752
87200,4.46337
87250,4.47314
87300,4.48043
87350,4.49049
87400,4.49983
87450,4.50509
87500,4.51118
87550,4.50514
87600,4.49001
87650,4.48647
87700,4.50049
87750,4.52516
87800,4.55055
87850,4.56138
87900,4.55022
87950,4.52182
88000,4.48246
88050,4.44919
88100,4.44325
88150,4.46873
88200,4.50365
88250,4.54704
88300,4.58349
88350,4.59451
88400,4.5857
88450,4.55594
88500,4.52073
88550,4.49611
88600,4.49124
88650,4.50244
88700,4.52613
88750,4.54974
88800,4.55055
88850,4.54234
88900,4.52574
88950,4.50602
89000,4.49688
89050,4.49395
89100,4.50642
89150,4.52029
89200,4.53604
89250,4.54506
89300,4.52255
89350,4.50436
89400,4.49638
89450,4.48919
89500,4.50362
89550,4.53134
89600,4.54797
89650,4.55282
89700,4.55378
89750,4.54532
89800,4.53155
89850,4.5204
89900,4.5138
89950,4.50793
90000,4.5017
90050,4.5004
90100,4.50276
90150,4.50611
90200,4.51429
90250,4.51514
90300,4.51661
90350,4.53003
90400,4.53959
90450,4.54171
90500,4.54705
90550,4.5458
90600,4.53643
90650,4.53072
90700,4.53604
90750,4.54951
90800,4.55725
90850,4.56443
90900,4.57282
90950,4.57532
91000,4.56891
91050,4.55687
91100,4.546
91150,4.53669
91200,4.53831
91250,4.54285
91300,4.55002
91350,4.55529
91400,4.55263
91450,4.55712
91500,4.5544
91550,4.55024
91600,4.55212
91650,4.55698
91700,4.56523
91750,4.56623
91800,4.56366
91850,4.5563
91900,4.54104
91950,4.53126
92000,4.52998
92050,4.52935
92100,4.54182
92150,4.5547
92200,4.56343
92250,4.58228
92300,4.58846
92350,4.57975
92400,4.5757
92450,4.56846
92500,4.55598
92550,4.54659
92600,4.54286
92650,4.54249
92700,4.55003
92750,4.57046
92800,4.59152
92850,4.59259
92900,4.58314
92950,4.57102
93000,4.55502
93050,4.54495
93100,4.5387
93150,4.55092
93200,4.57301
93250,4.58719
93300,4.59376
93350,4.59216
93400,4.59222
93450,4.59081
93500,4.58933
93550,4.59318
93600,4.59232
93650,4.59863
93700,4.60479
93750,4.61326
93800,4.61462
93850,4.59701
93900,4.58574
93950,4.58606
94000,4.59627
94050,4.61507
94100,4.63173
94150,4.63723
94200,4.62702
94250,4.61138
94300,4.58479
94350,4.571
94400,4.58108
94450,4.58594
94500,4.60003
94550,4.61895
94600,4.62726
94650,4.61916
94700,4.60108
94750,4.59097
94800,4.58044
94850,4.57281
94900,4.57604
94950,4.58419
95000,4.58804
95050,4.59347
95100,4.60347
95150,4.6013
95200,4.59986
95250,4.59895
95300,4.59998
95350,4.59936
95400,4.5997
95450,4.60501
95500,4.60725
95550,4.6111
95600,4.60063
95650,4.58876
95700,4.59244
95750,4.59315
95800,4.59795
95850,4.61099
95900,4.62524
95950,4.637
96000,4.65219
96050,4.6705
96100,4.66957
96150,4.65625
96200,4.64424
96250,4.62628
96300,4.62399
96350,4.63472
96400,4.63958
96450,4.64499
96500,4.63934
96550,4.62455
96600,4.61423
96650,4.61859
96700,4.63654
96750,4.64759
96800,4.65109
96850,4.64848
96900,4.63699
96950,4.6218
97000,4.61708
97050,4.61953
97100,4.62733
97150,4.6377
97200,4.6415
97250,4.64832
97300,4.64987
97350,4.64815
97400,4.6472
97450,4.64233
97500,4.64192
97550,4.64062
97600,4.64831
97650,4.66812
97700,4.679
97750,4.68521
97800,4.68766
97850,4.67531
97900,4.6577
97950,4.6445
98000,4.63868
98050,4.64906
98100,4.66891
98150,4.68709
98200,4.69091
98250,4.68133
98300,4.66941
98350,4.65505
98400,4.64761
98450,4.65275
98500,4.66955
98550,4.69175
98600,4.69937
98650,4.69665
98700,4.67941
98750,4.65231
98800,4.6368
98850,4.63222
98900,4.64041
98950,4.65486
99000,4.67664
99050,4.69402
99100,4.69501
99150,4.68934
99200,4.68049
99250,4.67241
99300,4.67422
99350,4.68222
99400,4.68471
99450,4.68763
99500,4.6931
99550,4.69894
99600,4.6944
99650,4.69252
99700,4.69411
99750,4.69264
99800,4.69414
99850,4.69572
99900,4.69098
99950,4.68166
100000,4.67825
